{
"ACT": "ap-southeast-2",
"AET": "ap-southeast-2",
"Africa/Abidjan": "eu-central-1",
"Africa/Accra": "eu-central-1",
"Africa/Addis_Ababa": "eu-central-1",
"Africa/Algiers": "eu-central-1",
"Africa/Asmara": "eu-central-1",
"Africa/Bamako": "eu-central-1",
"Africa/Bangui": "eu-central-1",
"Africa/Banjul": "eu-central-1",
"Africa/Bissau": "eu-central-1",
"Africa/Blantyre": "eu-central-1",
"Africa/Brazzaville": "eu-central-1",
"Africa/Bujumbura": "eu-central-1",
"Africa/Cairo": "eu-central-1",
"Africa/Casablanca": "eu-central-1",
"Africa/Ceuta": "eu-central-1",
"Africa/Conakry": "eu-central-1",
"Africa/Dakar": "eu-central-1",
"Africa/Dar_es_Salaam": "eu-central-1",
"Africa/Djibouti": "eu-central-1",
"Africa/Douala": "eu-central-1",
"Africa/El_Aaiun": "eu-central-1",
"Africa/Freetown": "eu-central-1",
"Africa/Gaborone": "eu-central-1",
"Africa/Harare": "eu-central-1",
"Africa/Johannesburg": "eu-central-1",
"Africa/Juba": "eu-central-1",
"Africa/Kampala": "eu-central-1",
"Africa/Khartoum": "eu-central-1",
"Africa/Kigali": "eu-central-1",
"Africa/Kinshasa": "eu-central-1",
"Africa/Lagos": "eu-central-1",
"Africa/Libreville": "eu-central-1",
"Africa/Lome": "eu-central-1",
"Africa/Luanda": "eu-central-1",
"Africa/Lubumbashi": "eu-central-1",
"Africa/Lusaka": "eu-central-1",
"Africa/Malabo": "eu-central-1",
"Africa/Maputo": "eu-central-1",
"Africa/Maseru": "eu-central-1",
"Africa/Mbabane": "eu-central-1",
"Africa/Mogadishu": "eu-central-1",
"Africa/Monrovia": "eu-central-1",
"Africa/Nairobi": "eu-central-1",
"Africa/Ndjamena": "eu-central-1",
"Africa/Niamey": "eu-central-1",
"Africa/Nouakchott": "eu-central-1",
"Africa/Ouagadougou": "eu-central-1",
"Africa/Porto-Novo": "eu-central-1",
"Africa/Sao_Tome": "eu-central-1",
"Africa/Timbuktu": "eu-central-1",
"Africa/Tripoli": "eu-central-1",
"Africa/Tunis": "eu-central-1",
"Africa/Windhoek": "eu-central-1",
"America/Adak": "us-west-2",
"America/Anchorage": "us-west-2",
"America/Anguilla": "us-east-1",
"America/Antigua": "us-east-1",
"America/Araguaina": "us-east-1",
"America/Argentina/Buenos_Aires": "us-east-1",
"America/Argentina/Catamarca": "us-east-1",
"America/Argentina/ComodRivadavia": "us-east-1",
"America/Argentina/Cordoba": "us-east-1",
"America/Argentina/Jujuy": "us-east-1",
"America/Argentina/La_Rioja": "us-east-1",
"America/Argentina/Mendoza": "us-east-1",
"America/Argentina/Rio_Gallegos": "us-east-1",
"America/Argentina/Salta": "us-east-1",
"America/Argentina/San_Juan": "us-east-1",
"America/Argentina/San_Luis": "us-east-1",
"America/Argentina/Tucuman": "us-east-1",
"America/Argentina/Ushuaia": "us-east-1",
"America/Aruba": "us-east-1",
"America/Asuncion": "us-east-1",
"America/Atikokan": "us-east-1",
"America/Atka": "us-west-2",
"America/Bahia": "us-east-1",
"America/Bahia_Banderas": "us-east-1",
"America/Barbados": "us-east-1",
"America/Belem": "us-east-1",
"America/Belize": "us-east-1",
"America/Blanc-Sablon": "us-east-1",
"America/Boa_Vista": "us-east-1",
"America/Bogota": "us-east-1",
"America/Boise": "us-west-2",
"America/Buenos_Aires": "us-east-1",
"America/Cambridge_Bay": "us-west-2",
"America/Campo_Grande": "us-east-1",
"America/Cancun": "us-east-1",
"America/Caracas": "us-east-1",
"America/Catamarca": "us-east-1",
"America/Cayenne": "us-east-1",
"America/Cayman": "us-east-1",
"America/Chicago": "us-east-1",
"America/Chihuahua": "us-east-1",
"America/Coral_Harbour": "us-east-1",
"America/Cordoba": "us-east-1",
"America/Costa_Rica": "us-east-1",
"America/Creston": "us-east-1",
"America/Cuiaba": "us-east-1",
"America/Curacao": "us-east-1",
"America/Danmarkshavn": "us-east-1",
"America/Dawson": "us-west-2",
"America/Dawson_Creek": "us-west-2",
"America/Denver": "us-west-2",
"America/Detroit": "us-east-1",
"America/Dominica": "us-east-1",
"America/Edmonton": "us-west-2",
"America/Eirunepe": "us-east-1",
"America/El_Salvador": "us-east-1",
"America/Ensenada": "us-east-1",
"America/Fort_Nelson": "us-west-2",
"America/Fort_Wayne": "us-east-1",
"America/Fortaleza": "us-east-1",
"America/Glace_Bay": "us-east-1",
"America/Godthab": "us-east-1",
"America/Goose_Bay": "us-east-1",
"America/Grand_Turk": "us-east-1",
"America/Grenada": "us-east-1",
"America/Guadeloupe": "us-east-1",
"America/Guatemala": "us-east-1",
"America/Guayaquil": "us-east-1",
"America/Guyana": "us-east-1",
"America/Halifax": "us-east-1",
"America/Havana": "us-east-1",
"America/Hermosillo": "us-east-1",
"America/Indiana/Indianapolis": "us-east-1",
"America/Indiana/Knox": "us-east-1",
"America/Indiana/Marengo": "us-east-1",
"America/Indiana/Petersburg": "us-east-1",
"America/Indiana/Tell_City": "us-east-1",
"America/Indiana/Vevay": "us-east-1",
"America/Indiana/Vincennes": "us-east-1",
"America/Indiana/Winamac": "us-east-1",
"America/Indianapolis": "us-east-1",
"America/Inuvik": "us-east-1",
"America/Iqaluit": "us-east-1",
"America/Jamaica": "us-east-1",
"America/Jujuy": "us-east-1",
"America/Juneau": "us-west-2",
"America/Kentucky/Louisville": "us-east-1",
"America/Kentucky/Monticello": "us-east-1",
"America/Knox_IN": "us-east-1",
"America/Kralendijk": "us-east-1",
"America/La_Paz": "us-east-1",
"America/Lima": "us-east-1",
"America/Los_Angeles": "us-west-2",
"America/Louisville": "us-east-1",
"America/Lower_Princes": "us-east-1",
"America/Maceio": "us-east-1",
"America/Managua": "us-east-1",
"America/Manaus": "us-east-1",
"America/Marigot": "us-east-1",
"America/Martinique": "us-east-1",
"America/Matamoros": "us-east-1",
"America/Mazatlan": "us-west-2",
"America/Mendoza": "us-east-1",
"America/Menominee": "us-east-1",
"America/Merida": "us-east-1",
"America/Metlakatla": "us-east-1",
"America/Mexico_City": "us-east-1",
"America/Miquelon": "us-east-1",
"America/Moncton": "us-east-1",
"America/Monterrey": "us-east-1",
"America/Montevideo": "us-east-1",
"America/Montreal": "us-east-1",
"America/Montserrat": "us-east-1",
"America/Nassau": "us-east-1",
"America/New_York": "us-east-1",
"America/Nipigon": "us-east-1",
"America/Nome": "us-west-2",
"America/Noronha": "us-east-1",
"America/North_Dakota/Beulah": "us-west-2",
"America/North_Dakota/Center": "us-west-2",
"America/North_Dakota/New_Salem": "us-west-2",
"America/Ojinaga": "us-east-1",
"America/Panama": "us-east-1",
"America/Pangnirtung": "us-east-1",
"America/Paramaribo": "us-east-1",
"America/Phoenix": "us-west-2",
"America/Port_of_Spain": "us-east-1",
"America/Port-au-Prince": "us-east-1",
"America/Porto_Acre": "us-east-1",
"America/Porto_Velho": "us-east-1",
"America/Puerto_Rico": "us-east-1",
"America/Punta_Arenas": "us-east-1",
"America/Rainy_River": "us-east-1",
"America/Rankin_Inlet": "us-east-1",
"America/Recife": "us-east-1",
"America/Regina": "us-east-1",
"America/Resolute": "us-east-1",
"America/Rio_Branco": "us-east-1",
"America/Rosario": "us-east-1",
"America/Santa_Isabel": "us-east-1",
"America/Santarem": "us-east-1",
"America/Santiago": "us-east-1",
"America/Santo_Domingo": "us-east-1",
"America/Sao_Paulo": "us-east-1",
"America/Scoresbysund": "us-east-1",
"America/Shiprock": "us-east-1",
"America/Sitka": "us-west-2",
"America/St_Barthelemy": "us-east-1",
"America/St_Johns": "us-east-1",
"America/St_Kitts": "us-east-1",
"America/St_Lucia": "us-east-1",
"America/St_Thomas": "us-east-1",
"America/St_Vincent": "us-east-1",
"America/Swift_Current": "us-east-1",
"America/Tegucigalpa": "us-east-1",
"America/Thule": "us-east-1",
"America/Thunder_Bay": "us-east-1",
"America/Tijuana": "us-west-2",
"America/Toronto": "us-east-1",
"America/Tortola": "us-east-1",
"America/Vancouver": "us-west-2",
"America/Virgin": "us-east-1",
"America/Whitehorse": "us-east-1",
"America/Winnipeg": "us-west-2",
"America/Yakutat": "us-west-2",
"America/Yellowknife": "us-west-2",
"Antarctica/Casey": "us-east-1",
"Antarctica/Davis": "us-east-1",
"Antarctica/DumontDUrville": "us-east-1",
"Antarctica/Macquarie": "us-east-1",
"Antarctica/Mawson": "us-east-1",
"Antarctica/McMurdo": "us-east-1",
"Antarctica/Palmer": "us-east-1",
"Antarctica/Rothera": "us-east-1",
"Antarctica/South_Pole": "us-east-1",
"Antarctica/Syowa": "us-east-1",
"Antarctica/Troll": "us-east-1",
"Antarctica/Vostok": "us-east-1",
"Arctic/Longyearbyen": "eu-west-2",
"Asia/Aden": "eu-central-1",
"Asia/Almaty": "ap-south-1",
"Asia/Amman": "eu-central-1",
"Asia/Anadyr": "eu-central-1",
"Asia/Aqtau": "ap-south-1",
"Asia/Aqtobe": "ap-south-1",
"Asia/Ashgabat": "ap-south-1",
"Asia/Ashkhabad": "ap-south-1",
"Asia/Atyrau": "ap-south-1",
"Asia/Baghdad": "eu-central-1",
"Asia/Bahrain": "eu-central-1",
"Asia/Baku": "ap-south-1",
"Asia/Bangkok": "ap-southeast-1",
"Asia/Barnaul": "eu-central-1",
"Asia/Beirut": "eu-central-1",
"Asia/Bishkek": "ap-south-1",
"Asia/Brunei": "ap-southeast-1",
"Asia/Calcutta": "ap-south-1",
"Asia/Chita": "eu-central-1",
"Asia/Choibalsan": "ap-southeast-1",
"Asia/Chongqing": "ap-southeast-1",
"Asia/Chungking": "ap-southeast-1",
"Asia/Colombo": "ap-south-1",
"Asia/Dacca": "ap-south-1",
"Asia/Damascus": "eu-central-1",
"Asia/Dhaka": "ap-south-1",
"Asia/Dili": "eu-central-1",
"Asia/Dubai": "ap-south-1",
"Asia/Dushanbe": "ap-south-1",
"Asia/Famagusta": "eu-central-1",
"Asia/Gaza": "eu-central-1",
"Asia/Harbin": "ap-southeast-1",
"Asia/Hebron": "eu-central-1",
"Asia/Ho_Chi_Minh": "ap-southeast-1",
"Asia/Hong_Kong": "ap-southeast-1",
"Asia/Hovd": "ap-southeast-1",
"Asia/Irkutsk": "eu-central-1",
"Asia/Istanbul": "eu-central-1",
"Asia/Jakarta": "ap-southeast-1",
"Asia/Jayapura": "ap-southeast-1",
"Asia/Jerusalem": "eu-central-1",
"Asia/Kabul": "ap-south-1",
"Asia/Kamchatka": "ap-southeast-1",
"Asia/Karachi": "ap-south-1",
"Asia/Kashgar": "ap-south-1",
"Asia/Kathmandu": "ap-south-1",
"Asia/Katmandu": "ap-south-1",
"Asia/Khandyga": "eu-central-1",
"Asia/Kolkata": "ap-south-1",
"Asia/Krasnoyarsk": "eu-central-1",
"Asia/Kuala_Lumpur": "ap-southeast-1",
"Asia/Kuching": "ap-southeast-1",
"Asia/Kuwait": "eu-central-1",
"Asia/Macao": "ap-southeast-1",
"Asia/Macau": "ap-southeast-1",
"Asia/Magadan": "eu-central-1",
"Asia/Makassar": "ap-southeast-1",
"Asia/Manila": "ap-southeast-1",
"Asia/Muscat": "ap-south-1",
"Asia/Novokuznetsk": "eu-central-1",
"Asia/Novosibirsk": "eu-central-1",
"Asia/Omsk": "ap-south-1",
"Asia/Oral": "ap-south-1",
"Asia/Phnom_Penh": "ap-southeast-1",
"Asia/Pontianak": "ap-southeast-1",
"Asia/Pyongyang": "ap-southeast-1",
"Asia/Qatar": "eu-central-1",
"Asia/Qyzylorda": "ap-south-1",
"Asia/Rangoon": "ap-southeast-1",
"Asia/Riyadh": "eu-central-1",
"Asia/Saigon": "ap-southeast-1",
"Asia/Sakhalin": "ap-southeast-1",
"Asia/Samarkand": "ap-south-1",
"Asia/Seoul": "ap-southeast-1",
"Asia/Shanghai": "ap-southeast-1",
"Asia/Singapore": "ap-southeast-1",
"Asia/Srednekolymsk": "eu-central-1",
"Asia/Taipei": "ap-southeast-1",
"Asia/Tashkent": "ap-south-1",
"Asia/Tbilisi": "ap-south-1",
"Asia/Tehran": "ap-south-1",
"Asia/Tel_Aviv": "eu-central-1",
"Asia/Thimbu": "ap-south-1",
"Asia/Thimphu": "ap-south-1",
"Asia/Tokyo": "ap-southeast-1",
"Asia/Tomsk": "eu-central-1",
"Asia/Ujung_Pandang": "ap-southeast-1",
"Asia/Ulaanbaatar": "ap-southeast-1",
"Asia/Ulan_Bator": "ap-southeast-1",
"Asia/Urumqi": "ap-southeast-1",
"Asia/Ust-Nera": "eu-central-1",
"Asia/Vientiane": "ap-southeast-1",
"Asia/Vladivostok": "ap-southeast-1",
"Asia/Yakutsk": "ap-southeast-1",
"Asia/Yangon": "ap-southeast-1",
"Asia/Yekaterinburg": "ap-south-1",
"Asia/Yerevan": "ap-south-1",
"Atlantic/Azores": "eu-central-1",
"Atlantic/Bermuda": "us-east-1",
"Atlantic/Canary": "eu-central-1",
"Atlantic/Cape_Verde": "eu-central-1",
"Atlantic/Faeroe": "eu-central-1",
"Atlantic/Faroe": "eu-central-1",
"Atlantic/Jan_Mayen": "eu-central-1",
"Atlantic/Madeira": "eu-central-1",
"Atlantic/Reykjavik": "eu-west-2",
"Atlantic/South_Georgia": "eu-central-1",
"Atlantic/St_Helena": "eu-central-1",
"Atlantic/Stanley": "eu-central-1",
"Australia/ACT": "ap-southeast-2",
"Australia/Adelaide": "ap-southeast-2",
"Australia/Brisbane": "ap-southeast-2",
"Australia/Broken_Hill": "ap-southeast-2",
"Australia/Canberra": "ap-southeast-2",
"Australia/Currie": "ap-southeast-2",
"Australia/Darwin": "ap-southeast-2",
"Australia/Eucla": "ap-southeast-2",
"Australia/Hobart": "ap-southeast-2",
"Australia/LHI": "ap-southeast-2",
"Australia/Lindeman": "ap-southeast-2",
"Australia/Lord_Howe": "ap-southeast-2",
"Australia/Melbourne": "ap-southeast-2",
"Australia/North": "ap-southeast-2",
"Australia/NSW": "ap-southeast-2",
"Australia/Perth": "ap-southeast-2",
"Australia/Queensland": "ap-southeast-2",
"Australia/South": "ap-southeast-2",
"Australia/Sydney": "ap-southeast-2",
"Australia/Tasmania": "ap-southeast-2",
"Australia/Victoria": "ap-southeast-2",
"Australia/West": "ap-southeast-2",
"Australia/Yancowinna": "ap-southeast-2",
"Brazil/Acre": "us-east-1",
"Brazil/DeNoronha": "us-east-1",
"Brazil/East": "us-east-1",
"Brazil/West": "us-east-1",
"Canada/Atlantic": "us-east-1",
"Canada/Central": "us-east-1",
"Canada/Eastern": "us-east-1",
"Canada/Mountain": "us-west-2",
"Canada/Newfoundland": "us-east-1",
"Canada/Pacific": "us-west-2",
"Canada/Saskatchewan": "us-east-1",
"Canada/Yukon": "us-west-2",
"CET": "us-east-1",
"Chile/Continental": "us-east-1",
"Chile/EasterIsland": "us-east-1",
"CST6CDT": "us-east-1",
"Cuba": "us-east-1",
"EET": "us-east-1",
"Egypt": "eu-central-1",
"Eire": "eu-west-2",
"EST": "us-east-1",
"EST5EDT": "us-east-1",
"Etc/GMT": "eu-west-2",
"Etc/GMT+0": "eu-west-2",
"Etc/GMT+1": "eu-central-1",
"Etc/GMT+10": "ap-southeast-2",
"Etc/GMT+11": "ap-southeast-2",
"Etc/GMT+12": "ap-southeast-2",
"Etc/GMT+2": "eu-central-1",
"Etc/GMT+3": "eu-central-1",
"Etc/GMT+4": "eu-central-1",
"Etc/GMT+5": "eu-central-1",
"Etc/GMT+6": "eu-central-1",
"Etc/GMT+7": "eu-central-1",
"Etc/GMT+8": "eu-central-1",
"Etc/GMT+9": "ap-southeast-1",
"Etc/GMT0": "eu-west-2",
"Etc/GMT-0": "eu-west-2",
"Etc/GMT-1": "eu-west-2",
"Etc/GMT-10": "ap-southeast-2",
"Etc/GMT-11": "ap-southeast-2",
"Etc/GMT-12": "ap-southeast-2",
"Etc/GMT-13": "ap-southeast-2",
"Etc/GMT-14": "ap-southeast-2",
"Etc/GMT-2": "us-east-1",
"Etc/GMT-3": "us-east-1",
"Etc/GMT-4": "us-east-1",
"Etc/GMT-5": "us-east-1",
"Etc/GMT-6": "us-east-1",
"Etc/GMT-7": "us-west-2",
"Etc/GMT-8": "us-west-2",
"Etc/GMT-9": "us-west-2",
"Etc/Greenwich": "eu-west-2",
"Etc/UCT": "eu-west-2",
"Etc/Universal": "eu-west-2",
"Etc/UTC": "eu-west-2",
"Etc/Zulu": "eu-west-2",
"Europe/Amsterdam": "eu-central-1",
"Europe/Andorra": "eu-central-1",
"Europe/Astrakhan": "eu-central-1",
"Europe/Athens": "eu-central-1",
"Europe/Belfast": "eu-west-2",
"Europe/Belgrade": "eu-central-1",
"Europe/Berlin": "eu-central-1",
"Europe/Bratislava": "eu-central-1",
"Europe/Brussels": "eu-central-1",
"Europe/Bucharest": "eu-central-1",
"Europe/Budapest": "eu-central-1",
"Europe/Busingen": "eu-central-1",
"Europe/Chisinau": "eu-central-1",
"Europe/Copenhagen": "eu-central-1",
"Europe/Dublin": "eu-west-2",
"Europe/Gibraltar": "eu-central-1",
"Europe/Guernsey": "eu-central-1",
"Europe/Helsinki": "eu-central-1",
"Europe/Isle_of_Man": "eu-west-2",
"Europe/Istanbul": "eu-central-1",
"Europe/Jersey": "eu-central-1",
"Europe/Kaliningrad": "eu-central-1",
"Europe/Kiev": "eu-central-1",
"Europe/Kirov": "eu-central-1",
"Europe/Lisbon": "eu-central-1",
"Europe/Ljubljana": "eu-central-1",
"Europe/London": "eu-west-2",
"Europe/Luxembourg": "eu-central-1",
"Europe/Madrid": "eu-central-1",
"Europe/Malta": "eu-central-1",
"Europe/Mariehamn": "eu-central-1",
"Europe/Minsk": "eu-central-1",
"Europe/Monaco": "eu-central-1",
"Europe/Moscow": "eu-central-1",
"Europe/Nicosia": "eu-central-1",
"Europe/Oslo": "eu-central-1",
"Europe/Paris": "eu-central-1",
"Europe/Podgorica": "eu-central-1",
"Europe/Prague": "eu-central-1",
"Europe/Riga": "eu-central-1",
"Europe/Rome": "eu-central-1",
"Europe/Samara": "eu-central-1",
"Europe/San_Marino": "eu-central-1",
"Europe/Sarajevo": "eu-central-1",
"Europe/Saratov": "eu-central-1",
"Europe/Simferopol": "eu-central-1",
"Europe/Skopje": "eu-central-1",
"Europe/Sofia": "eu-central-1",
"Europe/Stockholm": "eu-central-1",
"Europe/Tallinn": "eu-central-1",
"Europe/Tirane": "eu-central-1",
"Europe/Tiraspol": "eu-central-1",
"Europe/Ulyanovsk": "eu-central-1",
"Europe/Uzhgorod": "eu-central-1",
"Europe/Vaduz": "eu-central-1",
"Europe/Vatican": "eu-central-1",
"Europe/Vienna": "eu-central-1",
"Europe/Vilnius": "eu-central-1",
"Europe/Volgograd": "eu-central-1",
"Europe/Warsaw": "eu-central-1",
"Europe/Zagreb": "eu-central-1",
"Europe/Zaporozhye": "eu-central-1",
"Europe/Zurich": "eu-central-1",
"GB": "eu-west-2",
"GB-Eire": "eu-west-2",
"GMT": "eu-west-2",
"GMT+0": "eu-west-2",
"GMT0": "eu-west-2",
"GMT−0": "eu-west-2",
"Greenwich": "eu-west-2",
"Hongkong": "ap-southeast-1",
"HST": "us-west-2",
"Iceland": "eu-west-2",
"Indian/Antananarivo": "ap-southeast-1",
"Indian/Chagos": "ap-south-1",
"Indian/Christmas": "ap-southeast-1",
"Indian/Cocos": "ap-southeast-1",
"Indian/Comoro": "ap-southeast-1",
"Indian/Kerguelen": "ap-south-1",
"Indian/Mahe": "ap-south-1",
"Indian/Maldives": "ap-south-1",
"Indian/Mauritius": "ap-south-1",
"Indian/Mayotte": "ap-southeast-1",
"Indian/Reunion": "ap-south-1",
"Iran": "eu-central-1",
"Israel": "eu-central-1",
"Jamaica": "us-east-1",
"Japan": "ap-southeast-1",
"Kwajalein": "ap-southeast-1",
"Libya": "eu-central-1",
"MET": "eu-central-1",
"Mexico/BajaNorte": "us-west-2",
"Mexico/BajaSur": "us-west-2",
"Mexico/General": "us-west-2",
"MST": "us-west-2",
"MST7MDT": "us-west-2",
"Navajo": "us-west-2",
"NZ": "ap-southeast-2",
"NZ-CHAT": "ap-southeast-2",
"Pacific/Apia": "ap-southeast-2",
"Pacific/Auckland": "ap-southeast-2",
"Pacific/Bougainville": "ap-southeast-2",
"Pacific/Chatham": "ap-southeast-2",
"Pacific/Chuuk": "ap-southeast-2",
"Pacific/Easter": "us-east-1",
"Pacific/Efate": "ap-southeast-2",
"Pacific/Enderbury": "ap-southeast-2",
"Pacific/Fakaofo": "ap-southeast-2",
"Pacific/Fiji": "ap-southeast-2",
"Pacific/Funafuti": "ap-southeast-2",
"Pacific/Galapagos": "us-east-1",
"Pacific/Gambier": "ap-southeast-2",
"Pacific/Guadalcanal": "ap-southeast-2",
"Pacific/Guam": "ap-southeast-2",
"Pacific/Honolulu": "us-west-2",
"Pacific/Johnston": "ap-southeast-2",
"Pacific/Kiritimati": "ap-southeast-2",
"Pacific/Kosrae": "ap-southeast-2",
"Pacific/Kwajalein": "ap-southeast-2",
"Pacific/Majuro": "ap-southeast-2",
"Pacific/Marquesas": "ap-southeast-2",
"Pacific/Midway": "ap-southeast-2",
"Pacific/Nauru": "ap-southeast-2",
"Pacific/Niue": "ap-southeast-2",
"Pacific/Norfolk": "ap-southeast-2",
"Pacific/Noumea": "ap-southeast-2",
"Pacific/Pago_Pago": "ap-southeast-2",
"Pacific/Palau": "ap-southeast-2",
"Pacific/Pitcairn": "ap-southeast-2",
"Pacific/Pohnpei": "ap-southeast-2",
"Pacific/Ponape": "ap-southeast-2",
"Pacific/Port_Moresby": "ap-southeast-2",
"Pacific/Rarotonga": "ap-southeast-2",
"Pacific/Saipan": "ap-southeast-2",
"Pacific/Samoa": "ap-southeast-2",
"Pacific/Tahiti": "ap-southeast-2",
"Pacific/Tarawa": "ap-southeast-2",
"Pacific/Tongatapu": "ap-southeast-2",
"Pacific/Truk": "ap-southeast-2",
"Pacific/Wake": "ap-southeast-2",
"Pacific/Wallis": "ap-southeast-2",
"Pacific/Yap": "ap-southeast-2",
"Poland": "eu-central-1",
"Portugal": "eu-central-1",
"PRC": "ap-southeast-1",
"PST8PDT": "us-west-2",
"PST": "us-west-2",
"ROC": "ap-southeast-1",
"ROK": "ap-southeast-1",
"Singapore": "ap-southeast-1",
"Turkey": "eu-central-1",
"UCT": "eu-west-2",
"Universal": "eu-west-2",
"US/Alaska": "us-west-2",
"US/Aleutian": "us-west-2",
"US/Arizona": "us-west-2",
"US/Central": "us-east-1",
"US/Eastern": "us-east-1",
"US/East-Indiana": "us-east-1",
"US/Hawaii": "us-west-2",
"US/Indiana-Starke": "us-east-1",
"US/Michigan": "us-east-1",
"US/Mountain": "us-west-2",
"US/Pacific": "us-west-2",
"US/Pacific-New": "us-west-2",
"US/Samoa": "us-west-2",
"UTC": "eu-west-2",
"WET": "eu-central-1",
"W-SU": "eu-central-1",
"Zulu": "eu-west-2",
}
